id,num_qubits,circuit_depth,gate_error_rate,decoherence_time,chip_temperature_mK,run_day,target
1,6,61,0.0312,49.64,12.72,13,1
2,11,92,0.0255,39.2,11.56,15,1
3,8,11,0.0357,22.05,19.21,24,1
4,5,54,0.0493,58.28,18.6,11,1
5,5,84,0.0179,57.84,19.43,13,1
6,9,84,0.0115,58.98,15.07,4,1
7,9,58,0.0082,49.27,13.52,24,1
8,14,12,0.0204,88.92,12.42,17,0
9,11,41,0.0458,37.7,16.03,18,1
10,9,41,0.0111,60.98,17.95,29,1
11,10,59,0.0184,20.74,13.13,20,1
12,11,25,0.0435,18.68,14.98,20,1
13,12,55,0.0439,89.32,15.42,4,1
14,12,16,0.0311,60.12,15.21,6,1
15,10,94,0.038,27.02,18.71,14,1
16,9,32,0.0435,39.34,12.99,20,1
17,8,18,0.0052,84.02,14.34,21,0
18,6,27,0.0209,34.25,14.21,2,1
19,2,41,0.0456,74.23,18.67,8,1
20,9,81,0.0256,65.5,16.72,29,1
21,14,52,0.0106,23.23,14.32,27,1
22,2,83,0.0241,15.19,14.5,30,1
23,13,41,0.0401,87.86,19.94,17,1
24,9,68,0.0481,45.74,14.9,17,1
25,12,82,0.0419,56.07,15.16,20,1
26,8,48,0.0271,20.51,11.09,19,1
27,5,59,0.0342,84.06,15.69,22,0
28,14,10,0.0071,15.18,15.17,15,1
29,14,41,0.0483,38.31,19.44,9,1
30,7,33,0.0321,42.74,11.3,28,1
31,10,17,0.0018,75.46,19.17,18,0
32,10,10,0.0434,76.84,18.6,25,0
33,9,69,0.0073,89.85,10.76,1,1
34,7,40,0.0251,27.19,10.12,24,1
35,2,58,0.0128,22.84,17.8,22,1
36,13,30,0.0167,64.89,10.96,29,1
37,15,74,0.0339,34.71,12.53,25,1
38,2,69,0.0016,75.27,12.83,14,1
39,4,12,0.0266,74.68,17.49,4,0
40,10,80,0.0114,75.52,17.44,29,1
41,11,44,0.0438,56.77,17.86,18,1
42,8,59,0.0169,37.6,14.01,3,1
43,6,87,0.0179,66.53,14.46,12,1
44,11,38,0.0211,17.99,18.86,26,1
45,9,14,0.0396,21.47,14.55,6,1
46,5,72,0.0259,49.86,13.78,29,1
47,5,57,0.0363,27.36,17.53,29,1
48,10,30,0.0379,15.57,13.22,16,1
49,5,27,0.0174,38.58,10.97,25,0
50,2,49,0.0115,34.03,15.05,20,1
51,3,96,0.0248,16.37,12.86,13,1
52,2,92,0.0293,53.17,11.88,28,1
53,2,97,0.0021,15.08,11.38,6,1
54,8,24,0.0045,66.47,14.76,10,0
55,15,26,0.0342,53.12,12.22,1,1
56,14,27,0.0485,26.75,17.6,19,1
57,14,17,0.047,30.42,12.0,12,1
58,14,71,0.0139,58.92,11.74,21,1
59,9,81,0.0427,88.67,17.35,12,1
60,9,45,0.0313,40.43,10.59,2,1
61,12,74,0.0336,73.35,10.42,13,1
62,11,31,0.0422,33.53,18.96,28,1
63,5,40,0.0199,39.57,16.91,15,1
64,2,83,0.0423,79.99,19.06,12,1
65,15,67,0.0411,34.3,14.16,7,1
66,9,55,0.0071,88.7,12.77,18,1
67,9,66,0.0294,41.63,19.96,5,1
68,14,19,0.0224,74.09,13.88,11,1
69,9,11,0.043,69.4,14.89,27,0
70,2,30,0.014,82.47,13.09,18,0
71,7,26,0.0091,72.25,16.56,7,0
72,6,25,0.0166,35.6,13.33,20,1
73,5,45,0.0484,48.96,19.1,27,1
74,3,76,0.0078,70.03,16.86,14,1
75,5,29,0.0396,28.26,16.94,5,1
76,13,79,0.0104,72.17,14.7,2,1
77,13,87,0.0114,61.02,10.4,10,1
78,3,76,0.0434,42.09,17.7,15,1
79,5,48,0.0303,44.42,12.61,30,1
80,13,41,0.0102,86.64,18.53,22,0
81,6,21,0.0117,41.25,10.88,10,1
82,5,96,0.0283,75.56,14.63,26,1
83,3,73,0.0146,72.34,11.44,28,1
84,13,74,0.0226,61.24,11.15,21,1
85,11,31,0.0421,72.9,12.12,21,0
86,7,53,0.0247,68.03,13.47,5,1
87,11,11,0.0063,28.04,17.07,10,0
88,15,24,0.0271,23.44,11.43,15,1
89,3,92,0.0483,85.87,11.72,28,1
90,4,65,0.0405,39.73,13.59,11,1
91,5,45,0.0407,21.15,19.89,21,1
92,4,20,0.029,75.79,11.37,7,0
93,4,59,0.0455,84.58,11.83,10,1
94,7,16,0.0354,35.91,11.26,24,1
95,9,20,0.0058,58.87,18.95,9,0
96,5,56,0.0337,74.03,13.02,3,1
97,13,67,0.0247,28.64,16.97,16,1
98,12,36,0.0115,27.7,18.2,28,1
99,2,24,0.0011,31.86,17.54,25,1
100,14,17,0.0089,85.65,16.32,27,0
101,15,73,0.0391,79.3,17.5,4,1
102,13,40,0.0124,88.58,15.42,15,0
103,11,55,0.0233,77.42,12.79,3,1
104,11,98,0.0341,59.83,12.57,24,1
105,14,54,0.0451,64.1,17.79,26,1
106,5,82,0.0224,50.2,11.25,30,1
107,14,66,0.0352,64.74,19.42,9,1
108,6,99,0.0371,69.78,10.03,1,1
109,7,41,0.005,64.53,18.87,8,1
110,14,51,0.0235,33.35,13.94,18,1
111,13,98,0.0049,71.91,19.11,1,1
112,5,88,0.0394,34.97,17.35,27,1
113,2,67,0.0174,61.82,16.16,29,1
114,6,89,0.0452,64.17,15.35,29,1
115,13,20,0.0477,38.96,10.43,4,1
116,10,43,0.0461,78.6,15.6,5,1
117,12,84,0.0433,74.46,18.3,28,1
118,12,58,0.0429,84.26,18.89,24,1
119,8,54,0.0045,31.39,10.14,19,1
120,13,59,0.0188,49.28,19.41,19,1
121,9,39,0.0494,18.78,17.36,24,1
122,15,41,0.0451,54.11,10.98,22,1
123,4,18,0.0466,42.32,13.06,4,0
124,9,82,0.0299,81.1,14.89,13,1
125,5,97,0.0258,86.4,11.15,9,1
126,15,46,0.0045,78.75,11.49,1,0
127,14,62,0.0357,77.35,11.9,24,1
128,14,72,0.0279,61.57,11.21,10,1
129,15,26,0.048,69.9,11.2,9,1
130,10,15,0.0073,33.95,13.99,28,1
131,8,52,0.0201,72.08,19.15,29,1
132,8,86,0.0224,55.36,17.06,3,1
133,7,93,0.0203,21.85,11.09,1,1
134,8,77,0.0042,76.87,15.35,21,1
135,7,86,0.036,69.34,11.8,19,1
136,14,59,0.0309,63.2,15.84,29,1
137,13,71,0.0316,68.04,18.31,9,1
138,9,86,0.0053,72.24,18.6,7,1
139,3,63,0.0134,27.82,19.55,9,1
140,12,44,0.0145,70.43,15.66,17,1
141,7,79,0.0048,69.58,13.88,5,1
142,6,90,0.0353,82.18,19.48,20,1
143,6,45,0.0129,38.8,15.05,3,1
144,11,78,0.0276,56.49,12.68,26,1
145,11,36,0.0366,30.37,11.22,25,1
146,15,55,0.0103,32.89,17.78,11,1
147,12,27,0.0445,33.96,13.78,13,1
148,2,61,0.028,43.17,17.46,25,1
149,14,50,0.0152,16.35,18.65,5,1
150,8,95,0.0341,60.47,15.96,13,1
151,4,78,0.0443,35.21,14.15,8,1
152,14,92,0.005,23.08,14.3,10,1
153,8,13,0.0445,88.74,10.96,24,1
154,10,73,0.006,66.23,18.11,5,1
155,4,88,0.0345,56.29,15.16,25,1
156,13,13,0.0295,37.42,14.86,27,1
157,12,59,0.0464,58.59,13.08,13,1
158,6,16,0.0279,60.63,11.26,7,0
159,3,96,0.0444,32.77,17.03,27,1
160,15,65,0.0265,16.57,10.95,23,1
161,8,81,0.0388,18.29,10.83,17,1
162,12,75,0.0377,31.43,17.6,26,1
163,3,87,0.0498,35.59,12.0,13,1
164,7,63,0.0101,67.04,11.21,8,1
165,3,93,0.0139,80.65,13.79,20,1
166,8,78,0.0234,23.87,15.52,7,1
167,14,67,0.0381,77.49,16.76,23,1
168,11,90,0.0039,45.87,15.5,28,1
169,10,46,0.017,18.95,15.45,16,1
170,14,85,0.0429,69.6,14.43,15,1
171,8,93,0.0254,86.42,18.31,26,1
172,7,82,0.021,24.1,13.94,25,1
173,11,73,0.0497,60.53,10.65,21,1
174,9,89,0.0472,27.09,15.02,6,1
175,7,70,0.0259,72.2,12.43,20,1
176,6,36,0.0034,36.22,10.66,9,1
177,13,13,0.0171,74.99,11.43,10,0
178,14,35,0.0467,33.99,13.25,27,1
179,11,12,0.015,22.65,19.48,22,1
180,13,43,0.0414,16.94,15.56,24,1
181,8,73,0.0196,41.36,18.35,14,1
182,10,96,0.033,29.42,18.15,6,1
183,3,35,0.0177,42.45,14.02,21,0
184,7,51,0.0055,46.66,14.74,9,1
185,7,96,0.0076,34.58,17.04,20,1
186,13,17,0.0343,79.61,11.23,5,1
187,14,34,0.0221,66.79,14.02,27,1
188,10,71,0.0186,76.13,15.7,23,1
189,5,84,0.0395,56.11,12.28,4,1
190,9,89,0.0264,26.38,10.6,7,1
191,9,68,0.0239,66.91,10.55,24,1
192,11,41,0.0446,70.59,18.73,5,1
193,14,35,0.0192,62.15,12.57,3,1
194,14,96,0.0338,68.74,11.73,20,1
195,15,46,0.0057,82.59,18.06,18,1
196,6,96,0.0248,23.81,14.1,19,1
197,9,78,0.0195,34.97,13.44,20,1
198,7,79,0.0191,29.54,10.98,11,1
199,12,65,0.0469,54.35,12.5,13,1
200,11,38,0.0353,55.22,14.94,23,1
201,8,46,0.0041,75.26,19.59,23,1
202,13,25,0.0422,76.0,10.97,2,0
203,13,90,0.0431,30.25,19.64,12,1
204,4,55,0.0049,87.19,19.86,21,1
205,14,31,0.0208,69.73,12.78,20,1
206,2,12,0.0088,38.34,16.48,20,0
207,7,31,0.0179,34.36,17.61,7,1
208,5,39,0.001,28.39,14.07,20,1
209,15,14,0.0312,78.83,14.77,25,1
210,2,31,0.0113,76.1,13.19,13,0
211,7,70,0.0412,73.08,16.52,19,1
212,9,55,0.0478,42.6,14.84,7,1
213,3,59,0.0131,62.02,11.82,19,1
214,15,81,0.0474,78.39,15.84,3,1
215,10,30,0.0356,40.23,19.3,23,1
216,6,30,0.0398,17.53,12.03,15,1
217,13,94,0.0317,43.75,17.95,17,1
218,15,88,0.0348,67.6,15.34,7,1
219,11,76,0.0307,47.85,18.13,20,1
220,12,57,0.035,19.27,15.67,14,1
221,2,18,0.0098,61.94,11.01,4,0
222,4,81,0.0287,81.07,13.08,3,1
223,2,32,0.021,20.07,17.95,17,1
224,9,48,0.0014,73.64,15.1,18,0
225,8,23,0.0282,22.06,15.99,14,1
226,4,23,0.0409,87.07,13.04,27,0
227,11,34,0.0044,76.3,16.37,18,0
228,11,24,0.0177,88.71,10.22,28,0
229,15,90,0.0409,89.96,11.48,12,1
230,7,16,0.0095,50.69,12.9,8,0
231,13,38,0.0334,63.4,14.71,8,1
232,3,60,0.0392,32.4,12.58,16,1
233,2,48,0.0177,78.41,16.18,9,0
234,2,72,0.0057,36.76,18.33,30,1
235,11,14,0.0072,22.44,10.88,16,1
236,3,57,0.0091,34.98,13.06,18,1
237,3,66,0.0352,65.55,16.56,5,1
238,7,52,0.0499,83.48,16.12,21,1
239,5,77,0.0411,87.61,18.31,15,1
240,4,93,0.033,27.17,16.74,3,1
241,2,85,0.0254,30.8,18.02,23,1
242,15,46,0.0442,45.96,10.12,20,1
243,12,73,0.0423,52.34,11.3,22,1
244,12,26,0.0245,25.03,18.41,12,0
245,6,76,0.0405,28.57,16.1,1,1
246,12,84,0.0397,15.09,11.57,23,1
247,13,18,0.0331,71.22,14.46,8,1
248,14,50,0.0079,32.66,14.9,21,1
249,10,12,0.0125,32.28,16.54,22,0
250,9,53,0.0147,75.89,16.54,14,1
251,3,41,0.0464,15.02,17.79,9,1
252,6,79,0.0411,64.9,19.85,20,1
253,11,80,0.0346,86.11,15.24,16,1
254,14,82,0.0249,48.01,19.22,20,1
255,5,49,0.0272,50.7,17.22,18,1
256,8,29,0.0037,58.37,18.15,18,0
257,12,34,0.0275,64.92,10.96,7,1
258,14,53,0.005,47.49,12.16,7,1
259,9,70,0.0278,38.67,12.18,24,1
260,3,95,0.0241,19.33,16.0,22,1
261,2,58,0.0327,49.86,12.82,15,1
262,4,62,0.0093,75.97,11.96,6,1
263,9,43,0.01,87.43,19.42,16,0
264,14,20,0.0024,78.99,14.81,6,0
265,2,72,0.0497,62.15,15.36,19,1
266,2,68,0.0311,83.47,14.68,4,1
267,14,29,0.0165,81.69,14.63,1,1
268,11,99,0.0232,67.06,12.54,12,1
269,10,31,0.0143,59.87,13.2,13,0
270,4,94,0.0173,62.92,18.63,4,1
271,2,33,0.0467,66.05,19.35,30,1
272,13,13,0.0259,87.57,12.71,23,0
273,7,36,0.0238,21.74,14.6,14,1
274,7,32,0.0151,71.54,11.8,13,1
275,2,36,0.0329,77.9,17.9,15,1
276,11,95,0.0176,34.98,16.61,27,1
277,13,83,0.0065,33.0,17.93,26,1
278,12,76,0.0114,21.92,19.52,1,1
279,2,97,0.04,77.88,18.12,8,1
280,10,72,0.0234,52.32,17.58,26,1
281,6,85,0.0494,79.79,10.3,11,1
282,7,28,0.0267,37.42,12.3,19,1
283,14,41,0.0202,54.34,19.56,14,1
284,13,89,0.0219,68.01,11.75,9,1
285,15,46,0.0487,50.92,19.23,4,1
286,3,40,0.0392,62.94,15.23,30,1
287,15,25,0.0092,20.84,15.45,19,1
288,12,25,0.0274,25.88,18.88,13,1
289,6,21,0.0353,89.97,11.18,5,0
290,2,83,0.0448,58.42,18.73,30,1
291,9,45,0.0478,27.59,14.34,16,1
292,14,26,0.0443,73.5,11.49,10,1
293,12,59,0.0379,58.64,15.64,2,1
294,4,42,0.0455,35.01,10.87,1,1
295,2,22,0.0261,76.3,16.22,22,0
296,15,88,0.0068,43.07,17.7,12,1
297,5,21,0.0209,22.38,18.37,19,1
298,11,73,0.0493,89.31,11.37,19,1
299,15,39,0.0103,34.41,15.31,2,1
300,10,45,0.0428,75.51,16.49,30,1
301,5,92,0.0249,87.23,18.7,25,1
302,9,26,0.0059,86.99,17.35,6,1
303,3,55,0.047,49.9,13.74,7,1
304,12,31,0.0039,37.32,10.57,15,1
305,2,99,0.0401,82.31,12.44,15,1
306,3,44,0.0497,43.35,10.7,22,1
307,13,62,0.0182,18.33,17.33,18,1
308,13,84,0.019,20.72,10.09,2,1
309,6,63,0.0158,58.3,13.88,12,1
310,8,27,0.0108,58.22,16.66,12,1
311,15,81,0.0353,70.1,18.26,19,1
312,13,32,0.0016,49.23,19.62,12,1
313,3,57,0.0029,28.86,18.93,16,1
314,15,13,0.0102,65.25,14.82,28,0
315,14,87,0.038,64.23,14.44,17,1
316,13,83,0.0319,36.18,10.25,29,1
317,14,99,0.0411,51.42,10.76,7,1
318,2,24,0.0401,33.27,13.83,18,1
319,3,87,0.0031,50.62,13.57,8,1
320,12,51,0.0467,55.29,19.51,23,1
321,12,82,0.0388,66.6,18.66,14,1
322,2,94,0.0481,34.42,14.59,25,1
323,14,40,0.0073,26.78,18.68,9,1
324,13,30,0.0265,54.97,11.48,28,1
325,3,90,0.0143,21.5,12.89,15,1
326,10,99,0.0198,85.56,19.47,17,1
327,6,77,0.0389,72.41,11.05,24,1
328,3,95,0.0221,49.95,13.36,21,1
329,8,15,0.0315,59.27,11.34,28,1
330,10,65,0.0407,86.15,18.64,24,1
331,7,18,0.0253,82.53,16.19,1,0
332,4,23,0.0082,74.5,19.31,4,0
333,14,58,0.008,70.46,11.48,4,1
334,6,49,0.0395,46.53,13.33,17,1
335,14,58,0.0169,82.73,12.36,14,1
336,9,39,0.0311,79.52,15.76,21,0
337,6,22,0.0428,53.37,16.64,4,0
338,13,67,0.0329,60.26,15.52,27,1
339,3,50,0.0388,27.36,13.48,7,1
340,4,21,0.0437,56.69,13.17,20,1
341,10,75,0.019,67.33,11.39,5,1
342,7,95,0.0052,38.36,18.86,23,1
343,4,51,0.0094,55.34,19.05,29,0
344,11,11,0.0276,66.4,11.55,25,0
345,8,22,0.0247,21.95,17.42,22,1
346,4,99,0.0309,55.07,19.75,6,1
347,7,16,0.036,55.47,13.04,10,1
348,9,57,0.0373,56.46,10.55,26,1
349,9,20,0.0047,39.48,10.05,22,0
350,7,64,0.0199,39.86,16.65,12,1
351,7,35,0.0018,26.96,13.27,8,1
352,8,93,0.0316,22.32,18.98,7,1
353,15,96,0.0417,47.57,16.01,27,1
354,2,91,0.0064,53.55,12.73,11,1
355,12,58,0.047,86.53,19.58,13,1
356,8,48,0.0118,66.21,19.97,25,1
357,6,64,0.042,35.06,15.16,18,1
358,8,80,0.0071,23.78,17.92,8,1
359,15,90,0.003,57.64,18.84,28,1
360,4,66,0.0409,22.96,14.26,16,1
361,14,87,0.015,42.81,19.77,30,1
362,8,24,0.0288,87.42,12.63,11,1
363,10,11,0.0336,55.56,16.87,9,1
364,15,40,0.0108,70.32,18.36,13,1
365,13,91,0.0446,81.23,14.94,15,1
366,13,69,0.0243,32.38,14.34,2,1
367,9,74,0.0193,89.93,11.57,25,1
368,2,93,0.0068,67.8,10.41,19,1
369,14,38,0.0249,61.4,13.44,21,1
370,7,15,0.0472,29.84,15.86,22,1
371,10,30,0.0262,37.95,10.81,26,1
372,15,93,0.0258,29.38,17.54,25,1
373,11,50,0.0405,24.8,18.11,29,1
374,14,75,0.0364,26.51,18.61,25,1
375,9,68,0.0358,48.78,15.31,30,1
376,9,55,0.0332,53.72,13.17,8,1
377,8,89,0.0462,42.64,17.66,1,1
378,4,25,0.0478,54.37,19.97,13,1
379,7,63,0.0314,79.5,16.23,17,1
380,8,91,0.0154,36.69,10.27,17,1
381,3,19,0.0301,33.98,11.12,20,1
382,11,35,0.0223,35.97,11.13,30,1
383,5,43,0.0348,45.16,16.14,20,1
384,6,12,0.0034,83.1,12.5,2,0
385,2,48,0.0037,16.05,10.84,1,1
386,5,10,0.0093,65.27,18.78,7,0
387,7,74,0.0247,59.65,19.36,22,1
388,8,18,0.0172,28.2,12.5,25,1
389,6,16,0.0091,26.13,11.7,11,0
390,2,91,0.0377,81.23,19.04,30,1
391,6,95,0.0162,78.83,12.11,13,1
392,3,17,0.0473,16.56,14.15,19,1
393,7,14,0.0188,68.14,11.31,2,0
394,4,79,0.0207,76.61,15.87,9,1
395,13,70,0.0214,66.32,19.36,5,1
396,13,57,0.0356,84.4,10.73,15,1
397,6,72,0.0429,49.05,14.16,2,1
398,10,40,0.0442,62.38,19.03,20,1
399,15,59,0.0284,82.94,19.94,26,1
400,13,15,0.042,32.56,17.33,13,1
401,15,98,0.0145,33.38,13.87,13,1
402,9,71,0.0348,26.52,14.4,9,1
403,7,10,0.0422,84.4,13.84,20,0
404,9,49,0.0451,85.82,18.36,5,0
405,7,26,0.0354,33.95,13.56,23,1
406,5,90,0.0103,37.47,13.48,8,1
407,9,66,0.0431,74.26,12.95,15,1
408,8,86,0.0322,70.51,14.24,17,1
409,15,96,0.027,24.21,18.38,21,1
410,4,77,0.0456,55.42,19.85,15,1
411,5,94,0.0025,63.3,19.33,25,1
412,3,14,0.0023,27.84,15.63,25,1
413,3,16,0.0114,23.87,13.11,15,0
414,10,47,0.0155,30.21,18.86,18,1
415,6,88,0.0311,18.66,14.22,30,1
416,12,16,0.0375,36.17,10.72,18,1
417,4,17,0.0159,64.41,13.49,18,0
418,13,16,0.0368,89.85,12.65,18,1
419,13,57,0.0304,56.27,11.81,1,1
420,3,62,0.0057,40.47,18.03,26,1
421,12,43,0.0369,55.13,14.58,29,1
422,9,56,0.0445,16.36,13.92,12,1
423,2,85,0.0163,17.39,17.75,9,1
424,10,34,0.0026,34.52,14.0,6,0
425,15,58,0.0011,41.84,12.86,18,1
426,10,68,0.0497,26.5,19.83,27,1
427,14,25,0.0136,87.29,14.93,8,0
428,3,89,0.0235,83.96,18.81,9,1
429,4,89,0.0164,34.93,11.84,18,1
430,5,75,0.0029,16.19,14.9,12,1
431,14,17,0.0359,32.25,15.9,11,1
432,2,39,0.0456,37.24,16.38,16,1
433,12,36,0.026,58.08,10.3,19,1
434,3,37,0.0384,43.64,19.63,10,1
435,13,57,0.0379,74.3,17.05,14,1
436,3,56,0.0469,19.63,17.91,3,1
437,7,62,0.0386,27.77,18.06,19,1
438,7,88,0.0465,26.03,19.55,28,1
439,8,13,0.0236,47.82,11.75,13,1
440,2,37,0.0175,85.73,19.06,22,0
441,11,26,0.0409,73.18,11.66,19,1
442,13,69,0.0126,56.75,10.87,1,1
443,5,86,0.017,40.2,11.54,13,1
444,13,90,0.044,73.17,14.29,29,1
445,4,63,0.0024,22.44,16.39,10,1
446,6,81,0.007,50.26,16.44,27,1
447,4,81,0.0291,45.78,18.92,18,1
448,10,87,0.0371,26.14,17.25,29,1
449,12,85,0.0179,32.19,19.93,10,1
450,6,28,0.0113,40.43,12.63,14,1
451,11,19,0.0119,58.81,16.85,22,1
452,2,54,0.0391,48.5,14.17,26,1
453,12,19,0.0444,40.57,14.86,13,1
454,2,12,0.0295,73.85,15.95,12,1
455,12,78,0.0462,48.88,16.46,7,1
456,15,12,0.0283,32.79,13.83,6,1
457,4,98,0.0067,33.95,12.94,18,1
458,8,79,0.0203,52.3,10.21,23,1
459,14,76,0.0079,85.79,17.44,16,1
460,5,59,0.0319,60.38,18.83,28,1
461,11,82,0.0185,87.55,17.04,22,1
462,14,76,0.0012,21.17,12.91,26,1
463,7,34,0.044,19.72,18.92,12,1
464,6,98,0.0352,64.81,14.96,23,1
465,15,59,0.0172,69.55,18.13,29,1
466,8,56,0.0012,77.45,16.31,17,1
467,11,48,0.0239,46.46,19.57,24,1
468,11,62,0.0021,26.0,15.43,25,1
469,11,84,0.047,25.54,19.44,26,1
470,6,99,0.0299,76.55,14.15,28,1
471,10,81,0.0267,31.11,16.35,27,1
472,14,33,0.0276,42.56,11.67,16,0
473,4,29,0.0426,52.48,19.6,26,1
474,6,12,0.0127,20.96,19.34,6,1
475,8,83,0.044,67.5,19.06,22,1
476,7,47,0.0198,75.71,17.83,29,1
477,13,53,0.0449,68.62,13.38,15,1
478,5,95,0.0321,80.63,13.62,8,1
479,7,63,0.0011,27.4,13.02,27,1
480,4,57,0.0422,46.55,15.05,26,1
481,8,18,0.012,50.45,12.14,5,0
482,6,41,0.029,77.5,19.71,4,0
483,5,37,0.0182,18.06,19.8,11,1
484,4,76,0.0297,34.05,11.58,10,1
485,14,95,0.014,84.06,15.28,9,1
486,7,98,0.0387,61.07,16.9,29,1
487,11,77,0.0372,22.89,11.78,6,1
488,9,64,0.0367,55.17,10.49,7,1
489,7,32,0.0103,32.57,17.73,9,1
490,10,39,0.003,79.66,10.83,30,0
491,13,51,0.0103,26.08,11.06,23,1
492,12,45,0.0273,46.01,17.89,27,1
493,7,35,0.0181,56.12,10.31,25,1
494,4,40,0.0293,17.99,15.56,9,1
495,2,18,0.0101,74.7,16.39,29,0
496,11,32,0.0019,53.59,12.7,20,1
497,5,80,0.0044,48.91,13.06,24,1
498,4,79,0.0023,82.71,12.76,19,1
499,4,71,0.0269,35.98,10.77,29,1
500,12,97,0.0078,72.77,11.92,1,1
501,6,42,0.0425,25.83,18.72,25,1
502,5,53,0.0263,42.86,16.54,22,1
503,6,55,0.0244,40.05,13.62,15,1
504,10,70,0.0029,51.16,14.72,2,1
505,9,52,0.0445,27.88,16.88,18,1
506,12,14,0.0187,32.05,17.64,22,0
507,12,90,0.0485,33.0,12.4,13,1
508,2,12,0.0127,57.1,13.21,5,0
509,4,79,0.0441,50.83,13.08,2,1
510,9,57,0.0022,79.82,18.85,7,1
511,10,65,0.0297,68.16,14.57,16,1
512,12,32,0.0121,36.72,10.55,30,1
513,10,34,0.0483,78.1,19.24,26,0
514,15,94,0.0342,69.58,10.64,21,1
515,6,94,0.0184,88.7,18.6,20,1
516,2,58,0.009,61.48,16.77,10,1
517,6,92,0.0475,36.7,15.04,26,1
518,3,75,0.0244,88.55,11.4,14,1
519,9,88,0.0469,63.06,14.24,27,1
520,6,71,0.0026,61.74,12.99,28,1
521,14,98,0.0359,45.11,11.64,30,1
522,15,79,0.0314,31.71,12.11,5,1
523,11,42,0.027,34.52,10.97,21,1
524,2,78,0.0231,53.18,13.36,15,1
525,3,30,0.049,37.4,19.03,1,1
526,2,73,0.0449,58.82,15.61,8,0
527,12,41,0.0107,76.08,13.45,15,1
528,8,58,0.0335,16.11,12.75,11,1
529,4,42,0.0471,59.33,12.74,21,1
530,2,84,0.0202,53.28,10.88,25,1
531,4,59,0.0262,26.11,11.19,28,1
532,6,62,0.029,22.05,12.85,28,1
533,6,37,0.0459,76.43,17.48,26,1
534,3,33,0.0132,62.14,17.35,11,0
535,12,20,0.0365,85.85,18.55,9,1
536,2,91,0.0162,58.84,18.62,15,1
537,2,95,0.0267,57.96,12.11,24,1
538,4,48,0.0341,53.24,14.01,13,1
539,5,18,0.0208,59.39,17.68,12,0
540,9,20,0.0103,19.96,13.46,17,1
541,8,13,0.0131,44.13,18.66,8,0
542,14,67,0.0338,22.57,18.84,30,1
543,11,40,0.0046,44.9,12.97,22,1
544,5,65,0.0071,63.37,18.61,7,1
545,7,76,0.0103,66.67,18.45,11,1
546,8,10,0.0355,42.59,16.64,8,1
547,15,59,0.0328,55.1,13.51,5,1
548,10,47,0.0405,15.21,17.49,24,1
549,14,95,0.0473,83.58,15.88,8,1
550,8,43,0.0312,79.77,17.94,30,1
551,9,97,0.0401,81.4,17.24,21,1
552,14,15,0.0415,85.06,19.5,19,0
553,5,29,0.0287,48.21,12.74,16,1
554,13,12,0.02,58.04,17.96,26,0
555,10,36,0.041,16.87,14.97,22,1
556,13,15,0.018,74.2,15.87,30,1
557,7,64,0.0315,75.59,12.44,11,1
558,8,21,0.0221,25.4,12.11,1,0
559,14,71,0.0069,24.55,12.11,15,1
560,6,57,0.0059,41.4,13.59,1,1
561,4,48,0.0061,81.54,17.52,20,0
562,15,56,0.0125,65.22,13.22,21,1
563,9,30,0.0044,47.35,10.91,9,1
564,11,13,0.0358,40.54,12.14,19,1
565,8,66,0.0155,79.22,13.82,30,0
566,12,78,0.0344,22.12,12.36,24,1
567,12,71,0.0357,62.03,13.91,29,1
568,10,16,0.0345,20.14,15.34,29,1
569,8,33,0.0388,53.23,10.65,22,1
570,12,89,0.0263,75.04,14.11,3,1
571,3,58,0.0354,39.14,10.9,29,1
572,2,46,0.044,69.74,15.32,29,1
573,9,17,0.0063,70.92,19.24,19,0
574,8,57,0.0146,15.59,16.26,30,1
575,10,16,0.0303,40.62,12.45,19,0
576,7,21,0.0467,77.35,16.73,7,0
577,6,79,0.0082,77.01,18.33,8,1
578,5,98,0.0198,89.07,16.61,25,1
579,2,39,0.0044,55.83,13.51,12,1
580,9,84,0.0468,44.82,16.2,7,1
581,14,71,0.0162,38.94,11.7,14,1
582,14,39,0.0282,85.65,17.06,21,1
583,6,61,0.0056,81.81,19.68,20,1
584,2,52,0.0402,60.74,16.19,2,1
585,10,62,0.0035,81.43,12.39,2,1
586,12,64,0.0116,58.72,17.38,17,1
587,7,99,0.0026,73.01,16.53,24,1
588,13,84,0.0061,42.9,11.82,23,1
589,2,32,0.0339,62.98,11.58,12,1
590,14,26,0.0145,55.64,15.44,5,0
591,9,90,0.025,40.68,10.68,11,1
592,13,90,0.032,69.25,18.7,15,1
593,12,86,0.0247,15.11,11.72,27,1
594,7,77,0.0184,59.42,16.06,10,1
595,14,60,0.0478,22.99,11.77,23,1
596,3,36,0.0404,71.18,13.27,5,0
597,7,71,0.0104,70.9,15.26,28,1
598,11,47,0.0395,79.93,16.59,8,1
599,6,99,0.0199,32.68,19.23,8,1
600,3,96,0.0036,63.4,17.16,16,1
601,11,18,0.0199,39.04,16.37,16,0
602,8,75,0.0092,52.71,13.25,7,1
603,12,41,0.0369,33.54,11.53,20,1
604,7,51,0.021,17.03,17.41,15,1
605,8,56,0.0401,73.53,14.65,27,1
606,13,40,0.0483,32.54,14.13,20,1
607,10,14,0.0237,85.66,11.66,22,0
608,7,66,0.0148,51.7,12.45,27,1
609,11,58,0.0306,68.93,17.81,9,1
610,6,67,0.0266,78.7,14.82,19,1
611,15,59,0.0278,54.95,19.44,15,1
612,8,19,0.0218,42.23,12.18,8,1
613,2,36,0.0205,70.15,19.27,12,0
614,8,39,0.0162,36.92,17.79,5,1
615,4,62,0.0458,39.15,18.21,11,1
616,12,29,0.03,23.02,14.58,1,1
617,15,78,0.0396,83.39,10.99,11,1
618,5,51,0.0223,15.18,15.57,30,1
619,3,89,0.0194,70.56,14.53,15,1
620,8,25,0.0083,30.4,12.28,26,1
621,9,34,0.0249,89.49,12.28,29,1
622,2,39,0.0273,64.48,12.25,18,1
623,2,11,0.0119,46.99,10.14,7,0
624,6,68,0.0129,74.02,19.57,20,1
625,9,29,0.0198,36.65,14.23,2,1
626,2,56,0.0427,72.11,13.35,28,1
627,4,92,0.0404,87.94,10.34,26,1
628,11,77,0.0393,67.47,16.29,12,1
629,8,42,0.027,64.38,19.35,27,0
630,3,98,0.0444,40.48,13.74,10,1
631,4,10,0.0032,71.96,10.54,3,0
632,4,66,0.0092,52.28,11.46,6,1
633,10,89,0.0234,45.81,18.99,10,1
634,15,34,0.039,62.6,18.02,6,1
635,14,84,0.0241,46.66,14.17,30,1
636,11,97,0.0497,66.98,11.64,19,1
637,12,44,0.0477,27.44,15.36,6,1
638,9,30,0.0452,27.52,10.24,3,1
639,4,65,0.0411,88.86,16.38,9,1
640,6,62,0.0148,82.84,18.93,26,1
641,9,77,0.0331,25.22,10.84,26,1
642,9,23,0.0035,45.12,19.28,19,1
643,14,42,0.0411,25.97,12.45,26,1
644,14,25,0.0168,46.61,15.37,15,1
645,13,75,0.0106,22.58,13.23,16,1
646,11,42,0.0279,56.24,16.18,4,1
647,15,11,0.0309,60.11,16.6,22,1
648,3,96,0.021,61.61,16.33,18,1
649,2,71,0.0292,29.19,17.94,7,1
650,3,11,0.042,66.57,15.34,3,1
651,10,95,0.0163,19.0,15.71,12,1
652,9,24,0.0281,45.95,10.33,6,1
653,12,18,0.0282,85.04,17.76,1,0
654,6,29,0.0163,89.53,12.84,16,0
655,12,13,0.025,61.44,10.01,5,0
656,8,83,0.0144,57.8,19.37,18,1
657,13,33,0.0212,30.86,18.36,10,1
658,3,53,0.0148,26.74,19.47,17,1
659,6,75,0.0163,57.1,13.61,29,1
660,10,57,0.0384,15.41,10.25,28,1
661,9,33,0.0493,38.0,12.22,19,1
662,5,65,0.0418,84.62,19.34,8,1
663,15,69,0.0399,59.38,16.04,17,1
664,13,92,0.0271,67.19,19.22,16,1
665,5,37,0.0387,43.35,19.8,23,1
666,8,20,0.0498,76.95,17.07,24,1
667,6,41,0.0147,59.55,19.59,22,0
668,11,66,0.0434,55.21,17.73,6,1
669,7,94,0.0117,79.59,18.36,10,1
670,15,13,0.0158,24.13,14.49,14,1
671,9,62,0.028,67.37,17.34,25,1
672,11,49,0.0208,60.2,10.39,16,1
673,12,64,0.0284,27.78,19.97,29,1
674,14,63,0.0498,29.5,18.92,20,1
675,11,87,0.0237,82.5,14.83,26,1
676,15,17,0.0238,43.4,14.61,15,0
677,9,36,0.0455,25.13,19.79,23,1
678,8,69,0.0314,63.52,17.05,9,1
679,11,56,0.0176,82.46,19.87,7,1
680,10,71,0.0418,69.64,19.84,17,0
681,13,98,0.0403,65.75,11.84,30,1
682,10,58,0.0377,55.88,18.64,18,1
683,8,27,0.0152,63.06,15.35,30,0
684,13,39,0.0096,52.28,10.63,27,1
685,4,39,0.028,89.9,17.92,17,0
686,4,31,0.0037,54.35,14.57,18,1
687,4,85,0.0325,54.8,16.29,21,1
688,13,65,0.0224,86.23,10.43,4,1
689,7,57,0.0358,63.01,15.36,17,1
690,3,80,0.0342,42.04,19.82,8,1
691,6,79,0.0159,43.48,10.43,30,1
692,3,83,0.0069,44.15,10.83,19,1
693,6,20,0.0486,66.1,12.4,19,0
694,11,87,0.0017,69.79,19.71,12,1
695,15,64,0.0201,30.58,19.53,30,1
696,13,75,0.027,39.18,17.06,9,1
697,7,45,0.0248,62.73,17.69,20,0
698,12,15,0.0384,58.62,13.82,9,1
699,5,14,0.0467,15.84,11.16,22,1
700,15,21,0.0397,52.38,14.12,23,1
701,7,72,0.0391,84.82,10.38,29,1
702,10,60,0.0197,49.32,15.31,16,1
703,9,58,0.0433,82.11,18.55,1,1
704,2,28,0.0372,65.53,13.54,17,0
705,12,19,0.0166,73.88,19.5,27,1
706,14,14,0.0053,77.59,12.65,16,0
707,10,37,0.0197,62.25,11.13,30,1
708,14,71,0.0307,47.85,12.39,7,1
709,7,58,0.0096,69.95,13.26,20,0
710,6,35,0.0393,80.45,15.51,16,0
711,14,12,0.0383,82.5,17.97,6,1
712,15,51,0.0317,18.2,16.88,18,1
713,2,26,0.0445,74.74,18.92,5,0
714,6,69,0.0114,83.6,17.71,8,1
715,9,75,0.0138,53.78,19.69,16,1
716,12,54,0.0072,32.51,13.27,2,1
717,2,40,0.0268,68.44,18.93,29,0
718,8,79,0.0165,41.33,11.96,17,1
719,13,56,0.0127,83.73,13.83,16,1
720,13,48,0.0045,61.91,11.18,27,1
721,3,85,0.0496,30.84,16.75,10,1
722,2,77,0.041,81.66,10.46,22,1
723,9,68,0.017,49.83,11.11,28,1
724,8,43,0.021,55.83,11.37,27,1
725,2,68,0.0285,57.18,12.04,11,1
726,5,73,0.0035,20.6,13.23,4,1
727,8,98,0.0194,84.46,18.54,21,1
728,9,62,0.0292,34.41,15.05,29,1
729,6,24,0.0481,69.02,16.64,14,1
730,13,62,0.0482,89.36,15.32,27,1
731,10,59,0.0381,23.42,16.37,9,1
732,12,91,0.0035,39.23,11.48,6,1
733,9,42,0.0306,44.98,18.52,12,1
734,11,75,0.0236,57.25,11.72,15,1
735,8,46,0.0328,73.14,13.98,29,1
736,5,73,0.0204,84.34,18.26,25,1
737,12,58,0.0254,26.54,15.51,12,1
738,13,34,0.0229,52.71,14.43,8,1
739,11,35,0.0076,83.0,15.96,19,0
740,4,30,0.0365,16.98,17.44,21,1
741,7,31,0.0014,49.28,13.59,5,0
742,14,95,0.0246,24.94,15.77,19,1
743,6,24,0.0417,64.28,18.84,17,1
744,12,36,0.0395,39.49,19.97,3,1
745,3,87,0.0171,27.01,14.5,24,1
746,3,63,0.0269,23.71,11.19,15,1
747,7,10,0.0456,79.67,10.35,18,1
748,14,21,0.0162,57.33,11.72,23,1
749,3,59,0.0295,47.38,12.9,18,1
750,4,75,0.0468,39.76,12.69,11,1
751,15,18,0.0477,61.3,15.34,29,1
752,3,51,0.0343,83.02,18.22,17,0
753,9,99,0.0491,81.14,11.32,14,1
754,3,84,0.039,32.04,12.31,25,1
755,4,98,0.0487,58.95,17.4,20,1
756,10,79,0.0339,32.3,14.51,24,1
757,8,84,0.033,33.94,15.16,15,1
758,15,14,0.0038,83.72,11.7,10,0
759,7,74,0.025,21.16,12.53,5,1
760,8,92,0.0172,55.43,15.13,1,1
761,10,34,0.0032,68.54,12.23,28,0
762,5,10,0.0321,66.4,15.38,27,0
763,4,74,0.0486,27.79,11.03,15,1
764,3,71,0.029,27.9,16.79,21,1
765,15,35,0.0184,51.67,15.66,24,1
766,7,83,0.0473,75.67,18.1,15,1
767,2,47,0.0344,16.1,13.26,20,1
768,6,36,0.0087,83.34,18.0,14,0
769,5,54,0.0307,41.81,11.01,10,1
770,9,73,0.043,36.75,15.99,27,1
771,6,61,0.0391,70.7,18.89,28,1
772,15,73,0.0253,46.21,19.75,27,1
773,14,19,0.0345,29.49,17.08,29,1
774,6,29,0.0443,69.76,16.93,10,0
775,2,47,0.0373,35.47,15.49,13,1
776,7,26,0.0287,66.49,18.24,24,0
777,4,69,0.0489,74.4,16.1,18,1
778,7,31,0.004,85.5,19.6,29,0
779,8,65,0.0164,62.27,13.2,25,1
780,11,79,0.0478,71.86,17.99,28,1
781,8,37,0.0025,44.86,13.24,16,1
782,9,65,0.0352,19.89,12.15,2,1
783,7,15,0.0269,23.91,17.32,29,1
784,9,23,0.0302,62.04,19.2,30,0
785,13,13,0.0046,85.04,17.52,8,0
786,6,29,0.0014,23.58,14.44,1,1
787,12,19,0.0167,36.32,11.59,16,1
788,10,20,0.0206,71.41,13.31,1,0
789,13,53,0.0319,74.41,14.14,13,1
790,9,35,0.0276,52.22,19.16,28,0
791,9,81,0.0039,21.48,18.94,3,1
792,10,70,0.0036,62.03,10.63,16,1
793,5,12,0.0337,40.67,15.67,17,0
794,5,49,0.0423,26.3,18.49,15,1
795,9,69,0.0248,21.7,19.73,24,1
796,2,22,0.0126,38.81,11.45,26,1
797,2,26,0.0205,73.5,15.0,21,1
798,8,40,0.0038,45.78,17.27,22,1
799,9,60,0.0362,50.98,13.44,28,1
800,15,18,0.012,57.83,13.23,21,0
